email_table,,,,,,,,,email_opened_table,,,link_clicked_table,,
,,,,,,,,,,,,,,
email_id,email_text,email_subject,email_version,hour,weekday,user_country,user_past_purchases,,email_id,opened_flag,,email_id,unsubscribe_link_click,CTA_link_click
73231,short_email,generic_text,generic,15,Tuesday,US,178,,73231,Yes,,73231,Yes,No
14158,long_email,generic_text,personalized,7,Monday,CA,71,,14158,No,,14158,No,No
17129,short_email,generic_text,generic,20,Thursday,US,239,,17129,No,,17129,Yes,Yes
57973,long_email,generic_text,personalized,23,Monday,CA,181,,57973,No,,57973,No,No
33119,short_email,generic_text,personalized,6,Wednesday,US,252,,33119,No,,33119,No,No
93596,short_email,product_name,generic,20,Saturday,CA,163,,93596,Yes,,93596,Yes,Yes
3649,short_email,product_name,generic,10,Monday,CA,116,,3649,Yes,,3649,No,Yes
53705,short_email,generic_text,personalized,15,Monday,US,127,,53705,No,,53705,No,No
57353,long_email,generic_text,generic,16,Wednesday,IN,149,,57353,Yes,,57353,Yes,No
97894,short_email,product_name,personalized,10,Wednesday,US,24,,97894,Yes,,97894,Yes,Yes
97344,short_email,product_name,generic,10,Wednesday,UK,193,,97344,No,,97344,Yes,Yes
46252,long_email,product_name,personalized,19,Monday,UK,264,,46252,No,,46252,Yes,Yes
90708,long_email,product_name,personalized,17,Monday,CA,120,,90708,No,,90708,No,Yes
92659,long_email,product_name,generic,17,Sunday,CA,202,,92659,No,,92659,No,No
82140,long_email,generic_text,personalized,19,Monday,CA,100,,82140,No,,82140,No,Yes
81733,short_email,product_name,personalized,5,Wednesday,IN,62,,81733,Yes,,81733,No,Yes
79881,long_email,product_name,personalized,20,Monday,IN,165,,79881,Yes,,79881,Yes,No
65483,long_email,generic_text,personalized,18,Monday,CA,136,,65483,No,,65483,No,No
60870,long_email,generic_text,personalized,14,Wednesday,CA,120,,60870,No,,60870,Yes,Yes
16221,long_email,product_name,generic,18,Thursday,UK,104,,16221,No,,16221,Yes,No
45727,long_email,generic_text,generic,5,Wednesday,IN,274,,45727,No,,45727,No,No
29047,short_email,generic_text,personalized,18,Saturday,IN,145,,29047,Yes,,29047,Yes,Yes
95413,long_email,product_name,personalized,6,Wednesday,US,105,,95413,No,,95413,No,No
75648,long_email,product_name,personalized,8,Friday,IN,57,,75648,Yes,,75648,No,Yes
81431,short_email,generic_text,generic,14,Monday,IN,140,,81431,No,,81431,No,Yes
50156,long_email,generic_text,generic,22,Sunday,CA,177,,50156,No,,50156,No,Yes
69059,short_email,product_name,generic,13,Friday,IN,282,,69059,Yes,,69059,No,No
57668,long_email,generic_text,generic,17,Sunday,US,9,,57668,No,,57668,No,Yes
79065,short_email,generic_text,generic,23,Sunday,UK,141,,79065,Yes,,79065,Yes,Yes
7165,short_email,product_name,personalized,22,Thursday,US,141,,7165,Yes,,7165,No,No
67392,short_email,product_name,generic,13,Tuesday,UK,19,,67392,Yes,,67392,No,Yes
39703,long_email,generic_text,generic,5,Saturday,US,88,,39703,Yes,,39703,Yes,No
73442,short_email,product_name,generic,24,Saturday,US,0,,73442,Yes,,73442,Yes,No
63455,long_email,product_name,generic,21,Thursday,UK,9,,63455,Yes,,63455,Yes,Yes
92510,long_email,generic_text,personalized,18,Friday,US,283,,92510,No,,92510,No,No
25263,long_email,product_name,personalized,22,Wednesday,US,157,,25263,No,,25263,No,No
18053,long_email,generic_text,personalized,1,Tuesday,US,227,,18053,Yes,,18053,No,No
79177,short_email,product_name,generic,16,Saturday,UK,300,,79177,Yes,,79177,Yes,No
98226,long_email,product_name,generic,19,Tuesday,CA,150,,98226,Yes,,98226,No,Yes
10007,short_email,generic_text,generic,17,Wednesday,IN,176,,10007,No,,10007,Yes,No
79538,short_email,product_name,generic,4,Monday,UK,21,,79538,Yes,,79538,No,Yes
35352,short_email,generic_text,generic,4,Sunday,IN,227,,35352,No,,35352,Yes,Yes
49965,long_email,generic_text,generic,3,Wednesday,UK,16,,49965,No,,49965,No,No
72512,short_email,product_name,generic,7,Sunday,US,48,,72512,Yes,,72512,Yes,No
67946,short_email,generic_text,generic,15,Saturday,CA,66,,67946,Yes,,67946,No,No
87589,short_email,generic_text,generic,6,Friday,CA,135,,87589,Yes,,87589,Yes,No
9352,short_email,product_name,personalized,24,Monday,IN,66,,9352,Yes,,9352,Yes,No
94653,short_email,generic_text,generic,13,Friday,UK,137,,94653,No,,94653,No,Yes
76883,short_email,generic_text,generic,12,Wednesday,UK,283,,76883,No,,76883,Yes,No
51908,long_email,product_name,personalized,11,Sunday,IN,103,,51908,No,,51908,No,No
45959,short_email,product_name,generic,18,Wednesday,UK,16,,45959,Yes,,45959,Yes,No
99285,long_email,product_name,personalized,1,Tuesday,IN,52,,99285,Yes,,99285,No,Yes
61923,short_email,generic_text,personalized,12,Thursday,UK,67,,61923,Yes,,61923,Yes,Yes
1674,short_email,product_name,personalized,8,Sunday,IN,119,,1674,Yes,,1674,No,Yes
74977,long_email,product_name,generic,8,Sunday,US,147,,74977,No,,74977,No,No
20010,short_email,product_name,generic,22,Saturday,CA,228,,20010,Yes,,20010,No,Yes
36306,short_email,generic_text,personalized,6,Wednesday,UK,105,,36306,Yes,,36306,No,Yes
99098,short_email,generic_text,personalized,21,Saturday,US,42,,99098,Yes,,99098,No,Yes
15881,short_email,product_name,generic,24,Friday,US,297,,15881,No,,15881,Yes,No
88237,short_email,generic_text,generic,22,Sunday,US,252,,88237,No,,88237,Yes,Yes
93801,short_email,generic_text,generic,12,Saturday,IN,56,,93801,No,,93801,No,Yes
56363,short_email,product_name,personalized,3,Sunday,UK,225,,56363,Yes,,56363,No,Yes
74545,long_email,generic_text,generic,11,Thursday,US,132,,74545,Yes,,74545,Yes,No
59741,long_email,product_name,generic,18,Saturday,US,294,,59741,No,,59741,Yes,Yes
61188,long_email,generic_text,personalized,23,Saturday,CA,210,,61188,No,,61188,No,No
4169,short_email,generic_text,personalized,9,Wednesday,US,122,,4169,Yes,,4169,Yes,No
62399,long_email,generic_text,personalized,1,Thursday,CA,102,,62399,Yes,,62399,Yes,No
46166,long_email,generic_text,personalized,15,Sunday,US,190,,46166,Yes,,46166,No,No
64334,long_email,generic_text,personalized,22,Tuesday,UK,229,,64334,No,,64334,Yes,No
2240,short_email,generic_text,personalized,1,Saturday,UK,270,,2240,Yes,,2240,No,Yes
24222,short_email,generic_text,generic,6,Monday,US,60,,24222,Yes,,24222,No,Yes
87267,long_email,generic_text,personalized,4,Sunday,IN,115,,87267,No,,87267,No,Yes
32527,short_email,product_name,generic,16,Saturday,IN,55,,32527,Yes,,32527,Yes,Yes
68359,short_email,product_name,personalized,8,Thursday,IN,141,,68359,Yes,,68359,No,No
1748,short_email,product_name,generic,9,Saturday,US,58,,1748,No,,1748,Yes,Yes
44136,long_email,generic_text,personalized,9,Friday,US,121,,44136,No,,44136,Yes,Yes
17633,short_email,product_name,generic,17,Wednesday,UK,296,,17633,No,,17633,Yes,No
34557,short_email,generic_text,personalized,22,Friday,IN,272,,34557,Yes,,34557,Yes,Yes
19484,long_email,product_name,generic,20,Monday,UK,24,,19484,Yes,,19484,Yes,No
10954,long_email,generic_text,personalized,23,Sunday,UK,55,,10954,No,,10954,No,Yes
44119,short_email,product_name,personalized,12,Monday,UK,287,,44119,Yes,,44119,No,No
20594,long_email,product_name,personalized,18,Saturday,IN,268,,20594,No,,20594,Yes,No
95222,short_email,product_name,generic,1,Monday,CA,111,,95222,Yes,,95222,Yes,Yes
60070,long_email,product_name,personalized,1,Wednesday,UK,152,,60070,Yes,,60070,Yes,Yes
82522,long_email,product_name,personalized,5,Thursday,IN,125,,82522,Yes,,82522,No,Yes
43232,short_email,product_name,generic,12,Monday,IN,186,,43232,Yes,,43232,No,No
77715,short_email,generic_text,personalized,7,Thursday,IN,215,,77715,No,,77715,No,No
11771,long_email,generic_text,generic,19,Saturday,CA,203,,11771,No,,11771,No,Yes
47623,short_email,product_name,personalized,24,Monday,CA,85,,47623,No,,47623,No,No
45273,short_email,product_name,generic,18,Sunday,IN,185,,45273,No,,45273,No,Yes
2867,short_email,generic_text,personalized,4,Saturday,IN,180,,2867,Yes,,2867,Yes,No
18874,long_email,product_name,generic,18,Sunday,CA,293,,18874,Yes,,18874,No,No
18834,long_email,product_name,generic,8,Monday,US,97,,18834,Yes,,18834,Yes,Yes
48039,long_email,generic_text,personalized,21,Wednesday,US,260,,48039,No,,48039,No,No
79560,long_email,generic_text,personalized,20,Monday,US,65,,79560,No,,79560,No,No
89580,short_email,product_name,personalized,21,Monday,CA,124,,89580,Yes,,89580,Yes,No
90216,short_email,product_name,generic,14,Sunday,IN,214,,90216,Yes,,90216,No,No
32263,long_email,generic_text,generic,22,Wednesday,IN,39,,32263,Yes,,32263,No,Yes
8799,short_email,generic_text,personalized,5,Tuesday,UK,201,,8799,No,,8799,Yes,No
30088,short_email,generic_text,generic,7,Tuesday,IN,203,,30088,No,,30088,No,No
47660,short_email,product_name,generic,1,Tuesday,UK,245,,47660,Yes,,47660,No,Yes
41193,long_email,generic_text,personalized,19,Saturday,UK,174,,41193,No,,41193,Yes,No
6581,short_email,generic_text,personalized,10,Wednesday,UK,103,,6581,No,,6581,Yes,Yes
4495,short_email,generic_text,generic,3,Thursday,UK,108,,4495,No,,4495,Yes,Yes
58414,short_email,product_name,generic,21,Saturday,IN,64,,58414,Yes,,58414,Yes,No
12089,short_email,generic_text,generic,19,Thursday,UK,184,,12089,No,,12089,Yes,Yes
73664,long_email,generic_text,generic,14,Monday,UK,178,,73664,Yes,,73664,Yes,No
32954,short_email,generic_text,generic,10,Tuesday,CA,137,,32954,No,,32954,No,No
2581,short_email,generic_text,personalized,17,Tuesday,CA,2,,2581,No,,2581,Yes,Yes
27481,long_email,product_name,generic,5,Tuesday,IN,293,,27481,Yes,,27481,No,Yes
80151,long_email,generic_text,personalized,22,Friday,IN,193,,80151,No,,80151,Yes,No
8370,short_email,product_name,generic,17,Tuesday,CA,13,,8370,No,,8370,No,Yes
14500,short_email,generic_text,personalized,3,Monday,CA,101,,14500,Yes,,14500,Yes,No
97286,long_email,generic_text,generic,7,Friday,US,29,,97286,No,,97286,No,Yes
72301,short_email,product_name,generic,22,Sunday,US,224,,72301,Yes,,72301,No,Yes
34065,long_email,generic_text,generic,9,Monday,UK,91,,34065,No,,34065,No,No
61155,short_email,product_name,generic,14,Monday,IN,53,,61155,Yes,,61155,No,No
64382,short_email,product_name,personalized,13,Wednesday,IN,210,,64382,Yes,,64382,No,Yes
11442,long_email,generic_text,generic,20,Saturday,US,183,,11442,Yes,,11442,No,Yes
94791,long_email,generic_text,personalized,13,Sunday,CA,214,,94791,Yes,,94791,No,Yes
39112,short_email,generic_text,personalized,16,Thursday,CA,112,,39112,No,,39112,Yes,Yes
28700,short_email,product_name,generic,24,Thursday,US,190,,28700,Yes,,28700,Yes,No
31390,short_email,product_name,generic,12,Thursday,UK,10,,31390,No,,31390,No,No
48723,long_email,product_name,generic,3,Friday,CA,155,,48723,Yes,,48723,No,Yes
93674,long_email,generic_text,generic,6,Saturday,UK,278,,93674,No,,93674,No,Yes
5892,long_email,generic_text,personalized,3,Wednesday,US,297,,5892,Yes,,5892,Yes,Yes
29216,short_email,product_name,personalized,8,Friday,UK,256,,29216,Yes,,29216,Yes,No
39205,short_email,product_name,generic,9,Tuesday,US,145,,39205,No,,39205,No,No
73836,long_email,generic_text,personalized,7,Sunday,US,155,,73836,Yes,,73836,Yes,Yes
5734,long_email,generic_text,personalized,15,Tuesday,US,129,,5734,Yes,,5734,Yes,Yes
70815,short_email,generic_text,personalized,16,Wednesday,IN,17,,70815,Yes,,70815,No,Yes
42301,short_email,product_name,generic,1,Tuesday,CA,251,,42301,Yes,,42301,Yes,No
98356,short_email,product_name,personalized,18,Monday,US,95,,98356,Yes,,98356,No,No
36479,short_email,generic_text,personalized,17,Thursday,CA,244,,36479,Yes,,36479,No,No
31052,long_email,product_name,generic,1,Friday,IN,73,,31052,No,,31052,Yes,Yes
31631,long_email,product_name,generic,13,Thursday,US,154,,31631,No,,31631,Yes,No
60094,long_email,product_name,generic,16,Wednesday,CA,1,,60094,Yes,,60094,Yes,No
35112,short_email,product_name,personalized,11,Friday,UK,5,,35112,Yes,,35112,No,No
48720,long_email,product_name,personalized,5,Thursday,CA,74,,48720,Yes,,48720,No,Yes
69130,long_email,generic_text,personalized,22,Thursday,CA,186,,69130,No,,69130,Yes,No
43934,short_email,generic_text,generic,11,Thursday,IN,17,,43934,Yes,,43934,Yes,No
19846,long_email,generic_text,personalized,17,Tuesday,IN,16,,19846,Yes,,19846,No,No
18533,long_email,generic_text,personalized,2,Friday,UK,21,,18533,Yes,,18533,Yes,Yes
25433,long_email,generic_text,generic,4,Wednesday,UK,46,,25433,Yes,,25433,Yes,No
78036,short_email,product_name,personalized,17,Monday,US,87,,78036,Yes,,78036,No,Yes
69767,short_email,product_name,personalized,18,Monday,IN,123,,69767,Yes,,69767,No,Yes
95466,short_email,generic_text,generic,21,Thursday,CA,11,,95466,No,,95466,Yes,Yes
16322,short_email,generic_text,generic,19,Saturday,UK,297,,16322,Yes,,16322,No,Yes
8548,long_email,product_name,personalized,24,Monday,US,191,,8548,Yes,,8548,No,Yes
32881,short_email,product_name,generic,19,Saturday,IN,194,,32881,No,,32881,No,Yes
38602,long_email,product_name,generic,18,Friday,CA,61,,38602,Yes,,38602,No,No
73730,long_email,generic_text,personalized,17,Wednesday,IN,27,,73730,Yes,,73730,Yes,Yes
90366,short_email,generic_text,personalized,1,Saturday,UK,56,,90366,No,,90366,No,No
48970,short_email,product_name,generic,2,Saturday,UK,75,,48970,Yes,,48970,Yes,No
61155,long_email,product_name,generic,14,Tuesday,CA,5,,61155,No,,61155,Yes,Yes
38965,short_email,product_name,generic,3,Saturday,UK,298,,38965,Yes,,38965,No,No
22335,short_email,generic_text,personalized,1,Friday,US,145,,22335,No,,22335,Yes,Yes
10722,long_email,product_name,personalized,1,Sunday,UK,221,,10722,Yes,,10722,No,Yes
26160,short_email,generic_text,generic,20,Monday,IN,71,,26160,Yes,,26160,Yes,No
73231,short_email,product_name,generic,3,Saturday,IN,156,,73231,No,,73231,No,Yes
81226,long_email,product_name,generic,9,Saturday,CA,10,,81226,No,,81226,No,No
37211,short_email,generic_text,generic,19,Monday,US,294,,37211,Yes,,37211,No,Yes
49588,long_email,generic_text,personalized,24,Friday,IN,25,,49588,No,,49588,No,No
7642,long_email,generic_text,personalized,3,Saturday,CA,228,,7642,Yes,,7642,Yes,Yes
8786,short_email,generic_text,personalized,11,Thursday,IN,38,,8786,No,,8786,Yes,Yes
83172,long_email,product_name,generic,16,Friday,CA,251,,83172,No,,83172,No,No
41715,short_email,product_name,personalized,23,Sunday,IN,198,,41715,No,,41715,No,No
1887,short_email,generic_text,generic,15,Monday,UK,87,,1887,Yes,,1887,Yes,No
96328,short_email,product_name,personalized,21,Sunday,CA,254,,96328,No,,96328,Yes,No
66799,long_email,generic_text,generic,10,Saturday,CA,294,,66799,Yes,,66799,Yes,Yes
63320,short_email,product_name,generic,21,Monday,CA,181,,63320,Yes,,63320,No,No
42392,short_email,generic_text,personalized,9,Tuesday,CA,195,,42392,Yes,,42392,Yes,Yes
22404,long_email,product_name,generic,20,Monday,CA,108,,22404,Yes,,22404,Yes,Yes
22234,long_email,product_name,generic,3,Wednesday,CA,298,,22234,No,,22234,No,No
15209,short_email,product_name,personalized,2,Monday,CA,0,,15209,No,,15209,Yes,Yes
57777,short_email,generic_text,personalized,18,Saturday,IN,20,,57777,Yes,,57777,Yes,No
85541,long_email,generic_text,personalized,16,Wednesday,IN,141,,85541,Yes,,85541,No,No
79215,long_email,generic_text,generic,24,Thursday,CA,220,,79215,No,,79215,No,No
43789,long_email,generic_text,personalized,12,Friday,US,168,,43789,Yes,,43789,Yes,No
58998,long_email,generic_text,personalized,4,Tuesday,CA,127,,58998,No,,58998,No,Yes
91295,short_email,product_name,generic,21,Friday,CA,114,,91295,No,,91295,No,No
72355,long_email,generic_text,generic,17,Thursday,CA,276,,72355,No,,72355,No,No
82444,long_email,generic_text,generic,22,Monday,US,299,,82444,No,,82444,No,No
7879,short_email,generic_text,personalized,24,Saturday,IN,147,,7879,No,,7879,No,No
41779,long_email,product_name,generic,3,Saturday,CA,223,,41779,Yes,,41779,No,Yes
64001,long_email,product_name,generic,15,Monday,CA,297,,64001,Yes,,64001,No,Yes
10200,long_email,product_name,personalized,23,Monday,IN,216,,10200,Yes,,10200,No,Yes
6646,long_email,generic_text,personalized,17,Wednesday,CA,115,,6646,Yes,,6646,Yes,Yes
59758,long_email,generic_text,generic,18,Tuesday,US,285,,59758,Yes,,59758,No,No
2896,long_email,generic_text,generic,20,Sunday,UK,55,,2896,Yes,,2896,No,No
32605,long_email,generic_text,personalized,3,Thursday,UK,220,,32605,Yes,,32605,Yes,No
18311,short_email,generic_text,generic,3,Friday,IN,94,,18311,Yes,,18311,Yes,Yes
41131,short_email,generic_text,personalized,8,Friday,IN,196,,41131,No,,41131,Yes,Yes
98889,long_email,product_name,generic,19,Monday,IN,274,,98889,Yes,,98889,Yes,No
99653,short_email,product_name,personalized,20,Saturday,IN,237,,99653,No,,99653,Yes,No
6816,short_email,product_name,personalized,22,Wednesday,IN,162,,6816,No,,6816,Yes,Yes
23475,short_email,product_name,generic,14,Monday,CA,169,,23475,No,,23475,Yes,Yes
37149,short_email,product_name,generic,16,Saturday,UK,101,,37149,Yes,,37149,Yes,Yes
39748,short_email,product_name,generic,2,Thursday,IN,244,,39748,Yes,,39748,No,Yes
3101,long_email,generic_text,generic,14,Wednesday,US,178,,3101,No,,3101,No,No
85444,short_email,product_name,generic,13,Wednesday,CA,145,,85444,No,,85444,No,Yes
93621,short_email,product_name,personalized,17,Saturday,CA,70,,93621,No,,93621,No,Yes
14669,long_email,product_name,personalized,5,Friday,US,167,,14669,Yes,,14669,Yes,Yes
97102,short_email,generic_text,generic,10,Friday,IN,228,,97102,Yes,,97102,No,No
73334,long_email,product_name,generic,20,Wednesday,IN,178,,73334,No,,73334,Yes,Yes
3561,long_email,generic_text,personalized,3,Wednesday,IN,25,,3561,Yes,,3561,Yes,No
11559,long_email,product_name,generic,22,Tuesday,IN,153,,11559,Yes,,11559,Yes,Yes
59370,short_email,generic_text,personalized,22,Saturday,UK,242,,59370,No,,59370,Yes,Yes
43690,long_email,product_name,personalized,12,Monday,CA,296,,43690,Yes,,43690,No,No
27607,short_email,product_name,personalized,21,Monday,US,126,,27607,No,,27607,No,Yes
50973,short_email,generic_text,personalized,11,Wednesday,IN,19,,50973,No,,50973,Yes,Yes
73811,short_email,product_name,generic,6,Monday,CA,281,,73811,Yes,,73811,Yes,No
39258,long_email,product_name,personalized,16,Tuesday,CA,134,,39258,Yes,,39258,Yes,Yes
67227,short_email,product_name,generic,19,Sunday,UK,130,,67227,Yes,,67227,Yes,Yes
24547,short_email,product_name,personalized,5,Wednesday,US,278,,24547,No,,24547,Yes,No
13628,short_email,generic_text,personalized,5,Sunday,CA,10,,13628,Yes,,13628,Yes,Yes
87146,long_email,generic_text,personalized,20,Wednesday,US,154,,87146,No,,87146,Yes,Yes
88815,short_email,product_name,personalized,6,Sunday,IN,245,,88815,No,,88815,No,No
51194,long_email,generic_text,generic,10,Sunday,CA,229,,51194,No,,51194,No,Yes
25910,long_email,product_name,personalized,3,Wednesday,CA,38,,25910,No,,25910,Yes,No
24156,long_email,product_name,personalized,8,Wednesday,US,219,,24156,Yes,,24156,Yes,No
78647,short_email,product_name,personalized,19,Saturday,CA,258,,78647,No,,78647,Yes,Yes
67863,short_email,product_name,personalized,6,Wednesday,US,41,,67863,Yes,,67863,Yes,Yes
54491,long_email,generic_text,personalized,9,Saturday,IN,33,,54491,No,,54491,No,Yes
38160,long_email,generic_text,personalized,16,Monday,UK,61,,38160,Yes,,38160,No,Yes
22532,short_email,product_name,generic,24,Friday,US,243,,22532,Yes,,22532,Yes,Yes
37582,short_email,generic_text,generic,22,Tuesday,CA,196,,37582,No,,37582,Yes,Yes
78857,long_email,product_name,personalized,20,Tuesday,CA,218,,78857,Yes,,78857,No,Yes
48983,long_email,generic_text,personalized,16,Monday,UK,117,,48983,Yes,,48983,Yes,No
8916,long_email,generic_text,personalized,18,Wednesday,UK,136,,8916,No,,8916,Yes,No
83430,short_email,generic_text,generic,9,Friday,IN,110,,83430,Yes,,83430,No,Yes
81448,long_email,generic_text,generic,18,Thursday,IN,233,,81448,Yes,,81448,Yes,Yes
2869,long_email,generic_text,personalized,15,Friday,US,34,,2869,Yes,,2869,Yes,Yes
60382,long_email,generic_text,generic,14,Monday,US,296,,60382,Yes,,60382,No,Yes
54602,short_email,product_name,personalized,24,Wednesday,US,137,,54602,Yes,,54602,No,Yes
39656,long_email,product_name,generic,18,Friday,UK,183,,39656,Yes,,39656,Yes,Yes
92867,short_email,product_name,personalized,12,Friday,IN,266,,92867,Yes,,92867,Yes,Yes
88610,long_email,generic_text,generic,15,Sunday,CA,25,,88610,Yes,,88610,No,Yes
6062,short_email,generic_text,personalized,13,Wednesday,CA,38,,6062,Yes,,6062,Yes,Yes
41276,long_email,product_name,generic,7,Monday,UK,251,,41276,No,,41276,Yes,No
16260,short_email,product_name,personalized,17,Saturday,CA,118,,16260,No,,16260,No,Yes
71556,short_email,generic_text,generic,7,Friday,CA,85,,71556,No,,71556,Yes,Yes
11523,long_email,generic_text,personalized,14,Friday,US,232,,11523,Yes,,11523,No,No
29582,short_email,generic_text,personalized,3,Wednesday,US,90,,29582,Yes,,29582,Yes,No
34461,short_email,generic_text,generic,23,Tuesday,UK,100,,34461,Yes,,34461,No,No
57789,short_email,product_name,personalized,15,Monday,IN,166,,57789,Yes,,57789,Yes,Yes
99887,long_email,product_name,generic,18,Sunday,IN,116,,99887,No,,99887,Yes,Yes
66934,short_email,generic_text,generic,4,Friday,IN,93,,66934,No,,66934,No,No
82292,long_email,generic_text,generic,8,Friday,UK,126,,82292,Yes,,82292,No,Yes
96764,short_email,product_name,personalized,17,Wednesday,UK,46,,96764,Yes,,96764,No,No
18842,short_email,generic_text,personalized,17,Tuesday,US,67,,18842,Yes,,18842,No,Yes
30469,short_email,generic_text,generic,14,Tuesday,CA,33,,30469,Yes,,30469,Yes,Yes
87136,short_email,generic_text,personalized,21,Tuesday,US,203,,87136,Yes,,87136,No,Yes
95007,long_email,product_name,personalized,7,Sunday,US,222,,95007,No,,95007,No,Yes
10813,short_email,generic_text,personalized,4,Monday,US,215,,10813,Yes,,10813,No,Yes
23855,long_email,product_name,generic,1,Wednesday,IN,182,,23855,No,,23855,Yes,Yes
16490,long_email,product_name,personalized,23,Friday,UK,293,,16490,No,,16490,No,Yes
92065,short_email,product_name,generic,23,Wednesday,IN,212,,92065,Yes,,92065,Yes,Yes
33345,short_email,generic_text,personalized,24,Sunday,IN,186,,33345,No,,33345,Yes,Yes
23604,short_email,generic_text,generic,10,Tuesday,US,97,,23604,No,,23604,Yes,No
48972,long_email,generic_text,personalized,8,Monday,UK,247,,48972,No,,48972,Yes,Yes
67312,long_email,generic_text,generic,1,Wednesday,US,234,,67312,No,,67312,No,Yes
90607,long_email,generic_text,generic,21,Sunday,US,134,,90607,Yes,,90607,Yes,No
43903,long_email,product_name,personalized,12,Tuesday,CA,196,,43903,Yes,,43903,No,Yes
78660,long_email,generic_text,personalized,8,Saturday,IN,118,,78660,No,,78660,No,Yes
67750,long_email,generic_text,generic,7,Sunday,UK,264,,67750,Yes,,67750,No,Yes
95757,long_email,product_name,personalized,24,Friday,IN,33,,95757,Yes,,95757,Yes,No
29848,short_email,generic_text,generic,3,Monday,CA,94,,29848,Yes,,29848,Yes,Yes
34248,short_email,generic_text,generic,24,Sunday,UK,245,,34248,No,,34248,Yes,No
64197,long_email,generic_text,personalized,11,Wednesday,CA,61,,64197,No,,64197,No,No
54294,short_email,generic_text,personalized,2,Wednesday,CA,253,,54294,No,,54294,No,Yes
71660,short_email,product_name,generic,13,Thursday,US,23,,71660,Yes,,71660,Yes,No
25360,long_email,product_name,generic,24,Tuesday,IN,214,,25360,No,,25360,No,No
29705,short_email,generic_text,personalized,9,Wednesday,US,176,,29705,Yes,,29705,No,Yes
74574,short_email,generic_text,personalized,15,Tuesday,US,105,,74574,No,,74574,No,No
50996,long_email,product_name,personalized,19,Thursday,IN,223,,50996,Yes,,50996,No,Yes
19733,long_email,product_name,personalized,10,Thursday,IN,296,,19733,No,,19733,Yes,No
42664,short_email,product_name,generic,22,Thursday,UK,29,,42664,No,,42664,Yes,No
7945,short_email,product_name,personalized,13,Friday,IN,69,,7945,Yes,,7945,Yes,Yes
3322,short_email,product_name,generic,20,Monday,CA,105,,3322,Yes,,3322,Yes,Yes
38911,short_email,generic_text,personalized,18,Friday,UK,253,,38911,Yes,,38911,Yes,No
19535,short_email,product_name,personalized,18,Wednesday,CA,264,,19535,No,,19535,No,Yes
2481,long_email,product_name,generic,16,Monday,IN,191,,2481,Yes,,2481,No,No
11133,short_email,product_name,generic,9,Thursday,US,204,,11133,Yes,,11133,Yes,No
82342,long_email,product_name,personalized,14,Monday,IN,30,,82342,No,,82342,No,No
64874,short_email,product_name,generic,18,Monday,CA,78,,64874,No,,64874,No,No
93732,long_email,generic_text,generic,1,Thursday,US,53,,93732,Yes,,93732,Yes,Yes
23117,long_email,product_name,personalized,6,Monday,IN,283,,23117,No,,23117,No,Yes
76162,long_email,product_name,personalized,22,Sunday,US,213,,76162,Yes,,76162,Yes,No
55916,long_email,generic_text,personalized,4,Tuesday,UK,28,,55916,Yes,,55916,Yes,No
17710,long_email,product_name,personalized,24,Friday,US,25,,17710,No,,17710,No,Yes
93057,long_email,product_name,personalized,5,Sunday,CA,235,,93057,No,,93057,No,No
44199,long_email,product_name,generic,7,Sunday,IN,162,,44199,Yes,,44199,No,No
41978,long_email,product_name,personalized,18,Wednesday,UK,109,,41978,No,,41978,Yes,Yes
36223,long_email,product_name,generic,18,Wednesday,IN,190,,36223,No,,36223,Yes,Yes
50837,long_email,product_name,generic,7,Wednesday,IN,145,,50837,No,,50837,No,No
7379,short_email,product_name,generic,19,Wednesday,UK,126,,7379,Yes,,7379,No,No
75960,long_email,product_name,personalized,3,Monday,US,5,,75960,Yes,,75960,No,No
9104,short_email,product_name,generic,3,Monday,IN,234,,9104,No,,9104,Yes,Yes
87037,short_email,generic_text,generic,10,Monday,CA,133,,87037,No,,87037,Yes,No
6583,long_email,generic_text,generic,11,Saturday,CA,127,,6583,Yes,,6583,Yes,No
70535,short_email,product_name,generic,16,Saturday,CA,29,,70535,No,,70535,Yes,Yes
71402,short_email,generic_text,generic,15,Sunday,US,28,,71402,No,,71402,No,Yes
78253,long_email,generic_text,personalized,8,Sunday,CA,274,,78253,No,,78253,Yes,No
51432,short_email,product_name,personalized,2,Wednesday,US,123,,51432,Yes,,51432,Yes,Yes
74099,long_email,generic_text,generic,4,Saturday,US,13,,74099,No,,74099,No,Yes
51296,long_email,product_name,generic,14,Thursday,US,275,,51296,Yes,,51296,No,Yes
23539,long_email,generic_text,generic,8,Sunday,CA,284,,23539,No,,23539,Yes,No
93763,short_email,generic_text,generic,18,Saturday,US,240,,93763,No,,93763,Yes,No
77573,long_email,generic_text,personalized,10,Wednesday,IN,102,,77573,No,,77573,No,No
97896,short_email,generic_text,generic,19,Wednesday,US,229,,97896,No,,97896,No,Yes
11713,short_email,generic_text,generic,4,Friday,IN,194,,11713,Yes,,11713,No,No
25793,short_email,product_name,generic,8,Sunday,CA,184,,25793,Yes,,25793,Yes,Yes
43444,short_email,generic_text,personalized,7,Monday,CA,97,,43444,No,,43444,Yes,No
49777,long_email,product_name,personalized,6,Thursday,CA,296,,49777,Yes,,49777,Yes,No
15813,short_email,generic_text,generic,21,Sunday,UK,187,,15813,No,,15813,Yes,No
98050,short_email,product_name,personalized,16,Wednesday,US,230,,98050,Yes,,98050,No,Yes
58246,long_email,product_name,personalized,16,Monday,UK,91,,58246,Yes,,58246,Yes,Yes
13398,long_email,product_name,generic,1,Thursday,US,207,,13398,No,,13398,No,Yes
8559,long_email,generic_text,generic,8,Tuesday,UK,219,,8559,Yes,,8559,No,Yes
78019,long_email,product_name,personalized,7,Tuesday,CA,180,,78019,No,,78019,No,No
15913,short_email,generic_text,generic,9,Tuesday,UK,275,,15913,Yes,,15913,No,Yes
77314,short_email,generic_text,personalized,21,Sunday,IN,270,,77314,Yes,,77314,Yes,No
3719,short_email,generic_text,personalized,20,Thursday,IN,4,,3719,No,,3719,No,No
13756,long_email,generic_text,generic,6,Saturday,US,199,,13756,Yes,,13756,Yes,Yes
17187,short_email,generic_text,personalized,5,Tuesday,UK,210,,17187,Yes,,17187,No,No
51087,short_email,product_name,personalized,5,Friday,US,285,,51087,Yes,,51087,No,No
23424,long_email,product_name,personalized,17,Thursday,CA,294,,23424,No,,23424,Yes,Yes
34515,short_email,product_name,generic,7,Friday,UK,226,,34515,Yes,,34515,No,No
3582,short_email,product_name,generic,14,Wednesday,CA,289,,3582,No,,3582,No,No
19010,long_email,product_name,personalized,9,Tuesday,US,49,,19010,No,,19010,Yes,No
90151,short_email,generic_text,personalized,13,Monday,IN,5,,90151,No,,90151,No,Yes
77314,long_email,product_name,generic,7,Thursday,CA,59,,77314,Yes,,77314,No,No
8640,long_email,product_name,generic,5,Friday,UK,264,,8640,No,,8640,Yes,No
29628,short_email,generic_text,generic,10,Monday,UK,232,,29628,Yes,,29628,Yes,No
45887,long_email,product_name,generic,13,Sunday,US,48,,45887,No,,45887,No,No
33252,long_email,generic_text,personalized,17,Monday,CA,121,,33252,No,,33252,No,No
38813,long_email,generic_text,generic,22,Thursday,CA,249,,38813,No,,38813,Yes,Yes
7491,short_email,generic_text,personalized,9,Wednesday,IN,14,,7491,No,,7491,Yes,No
87329,long_email,generic_text,generic,24,Monday,US,14,,87329,No,,87329,Yes,No
17278,long_email,generic_text,generic,19,Thursday,IN,188,,17278,No,,17278,Yes,No
77808,long_email,generic_text,generic,22,Monday,US,2,,77808,No,,77808,No,Yes
84652,long_email,product_name,generic,18,Monday,CA,220,,84652,Yes,,84652,No,Yes
41829,short_email,product_name,personalized,6,Sunday,IN,41,,41829,Yes,,41829,Yes,No
70064,short_email,product_name,generic,9,Wednesday,US,3,,70064,No,,70064,No,No
16845,long_email,product_name,personalized,7,Monday,US,79,,16845,Yes,,16845,No,No
67968,long_email,product_name,personalized,10,Tuesday,UK,211,,67968,No,,67968,Yes,Yes
50751,short_email,generic_text,personalized,14,Thursday,IN,58,,50751,Yes,,50751,No,Yes
82100,short_email,generic_text,generic,12,Sunday,CA,266,,82100,Yes,,82100,Yes,Yes
4686,short_email,generic_text,personalized,16,Monday,US,64,,4686,Yes,,4686,No,No
17520,short_email,product_name,generic,12,Tuesday,UK,262,,17520,Yes,,17520,Yes,Yes
92325,short_email,generic_text,personalized,15,Monday,CA,4,,92325,Yes,,92325,Yes,Yes
38770,long_email,product_name,personalized,22,Friday,UK,87,,38770,No,,38770,Yes,No
32214,long_email,generic_text,personalized,5,Wednesday,UK,169,,32214,No,,32214,Yes,No
59592,short_email,generic_text,personalized,14,Saturday,UK,106,,59592,No,,59592,No,Yes
23025,short_email,generic_text,personalized,2,Wednesday,US,114,,23025,No,,23025,Yes,No
92600,long_email,generic_text,personalized,2,Sunday,CA,232,,92600,No,,92600,Yes,No
35544,long_email,generic_text,generic,17,Friday,UK,222,,35544,No,,35544,No,Yes
26811,short_email,generic_text,personalized,12,Monday,CA,263,,26811,Yes,,26811,Yes,No
38701,long_email,generic_text,generic,7,Tuesday,CA,93,,38701,No,,38701,Yes,No
67594,short_email,generic_text,generic,6,Saturday,US,120,,67594,No,,67594,Yes,No
23816,short_email,generic_text,generic,4,Saturday,IN,215,,23816,No,,23816,No,Yes
11877,short_email,product_name,generic,19,Tuesday,CA,132,,11877,No,,11877,Yes,No
73983,short_email,generic_text,generic,11,Friday,CA,153,,73983,Yes,,73983,No,No
74684,long_email,generic_text,generic,18,Tuesday,CA,24,,74684,No,,74684,No,No
34156,short_email,product_name,personalized,8,Saturday,IN,33,,34156,Yes,,34156,No,No
57082,long_email,generic_text,personalized,19,Monday,IN,68,,57082,No,,57082,Yes,No
16491,long_email,generic_text,generic,24,Friday,US,33,,16491,Yes,,16491,Yes,Yes
65460,long_email,product_name,personalized,20,Sunday,UK,21,,65460,No,,65460,Yes,No
12558,short_email,product_name,personalized,20,Wednesday,CA,167,,12558,Yes,,12558,No,Yes
66060,short_email,product_name,personalized,2,Saturday,UK,231,,66060,Yes,,66060,Yes,Yes
44517,short_email,generic_text,generic,1,Monday,US,190,,44517,No,,44517,Yes,Yes
3168,short_email,product_name,personalized,11,Saturday,CA,232,,3168,Yes,,3168,Yes,Yes
15755,short_email,generic_text,personalized,8,Sunday,US,83,,15755,No,,15755,No,No
36522,short_email,generic_text,personalized,18,Monday,US,106,,36522,Yes,,36522,No,No
1727,short_email,product_name,personalized,7,Thursday,UK,65,,1727,Yes,,1727,No,No
58416,short_email,product_name,generic,8,Thursday,CA,233,,58416,No,,58416,Yes,Yes
42720,short_email,product_name,personalized,19,Sunday,IN,284,,42720,Yes,,42720,No,No
21388,short_email,generic_text,personalized,8,Wednesday,IN,205,,21388,No,,21388,Yes,Yes
80524,long_email,generic_text,generic,24,Tuesday,IN,28,,80524,Yes,,80524,Yes,No
39434,long_email,generic_text,generic,11,Thursday,IN,38,,39434,Yes,,39434,No,Yes
88390,short_email,generic_text,generic,10,Wednesday,IN,233,,88390,Yes,,88390,Yes,Yes
15842,short_email,product_name,personalized,16,Sunday,CA,239,,15842,No,,15842,Yes,No
48599,long_email,generic_text,generic,14,Wednesday,US,93,,48599,No,,48599,No,No
32221,long_email,product_name,personalized,18,Friday,UK,267,,32221,Yes,,32221,No,Yes
24546,long_email,product_name,personalized,14,Wednesday,IN,268,,24546,No,,24546,No,No
66611,short_email,product_name,generic,8,Thursday,UK,63,,66611,No,,66611,No,Yes
80440,long_email,product_name,generic,18,Friday,IN,209,,80440,No,,80440,Yes,No
77725,short_email,product_name,generic,19,Friday,CA,270,,77725,No,,77725,No,Yes
97986,short_email,product_name,personalized,19,Saturday,US,269,,97986,Yes,,97986,No,No
10871,short_email,generic_text,personalized,1,Monday,CA,106,,10871,Yes,,10871,No,Yes
33275,long_email,product_name,personalized,19,Friday,US,30,,33275,No,,33275,No,Yes
71240,long_email,product_name,personalized,1,Wednesday,US,249,,71240,No,,71240,Yes,No
70662,short_email,generic_text,generic,9,Thursday,IN,222,,70662,Yes,,70662,No,No
29974,long_email,generic_text,personalized,11,Wednesday,US,64,,29974,Yes,,29974,No,No
31658,long_email,generic_text,generic,8,Thursday,CA,256,,31658,No,,31658,Yes,Yes
81566,short_email,product_name,personalized,8,Saturday,CA,140,,81566,No,,81566,No,No
63531,short_email,product_name,generic,4,Monday,US,245,,63531,No,,63531,No,Yes
42674,long_email,product_name,personalized,3,Wednesday,US,75,,42674,No,,42674,No,No
89095,long_email,generic_text,generic,18,Monday,UK,148,,89095,Yes,,89095,Yes,No
3498,short_email,generic_text,personalized,9,Thursday,UK,70,,3498,Yes,,3498,Yes,Yes
42375,short_email,generic_text,personalized,8,Wednesday,CA,92,,42375,Yes,,42375,No,Yes
11938,long_email,generic_text,personalized,21,Monday,CA,168,,11938,Yes,,11938,No,Yes
50653,short_email,product_name,generic,20,Saturday,IN,224,,50653,No,,50653,Yes,Yes
25124,short_email,product_name,generic,15,Wednesday,CA,0,,25124,No,,25124,No,No
19669,short_email,product_name,personalized,15,Saturday,US,235,,19669,Yes,,19669,No,Yes
78914,short_email,product_name,personalized,5,Sunday,US,85,,78914,No,,78914,No,No
54094,short_email,product_name,generic,11,Friday,UK,221,,54094,Yes,,54094,No,No
33404,short_email,generic_text,generic,15,Friday,US,29,,33404,No,,33404,Yes,No
83621,long_email,generic_text,generic,21,Thursday,US,13,,83621,Yes,,83621,Yes,Yes
30237,short_email,product_name,generic,2,Tuesday,UK,81,,30237,Yes,,30237,No,Yes
28040,short_email,generic_text,generic,20,Friday,US,143,,28040,No,,28040,Yes,Yes
32091,long_email,product_name,personalized,2,Tuesday,IN,185,,32091,Yes,,32091,Yes,Yes
56823,long_email,generic_text,generic,17,Wednesday,CA,72,,56823,No,,56823,Yes,No
73972,long_email,product_name,personalized,1,Tuesday,US,296,,73972,No,,73972,Yes,No
4958,short_email,product_name,personalized,15,Wednesday,US,173,,4958,Yes,,4958,Yes,Yes
90512,short_email,generic_text,personalized,18,Saturday,US,283,,90512,Yes,,90512,Yes,Yes
68500,long_email,generic_text,generic,7,Saturday,IN,59,,68500,No,,68500,No,No
60006,short_email,generic_text,personalized,6,Monday,UK,202,,60006,No,,60006,Yes,Yes
63767,long_email,product_name,generic,18,Wednesday,IN,68,,63767,No,,63767,No,Yes
20752,long_email,generic_text,personalized,6,Thursday,IN,159,,20752,Yes,,20752,Yes,No
65019,short_email,generic_text,generic,21,Sunday,US,6,,65019,No,,65019,Yes,No
9075,short_email,product_name,generic,7,Tuesday,IN,231,,9075,No,,9075,Yes,No
99615,long_email,generic_text,personalized,24,Wednesday,UK,127,,99615,No,,99615,Yes,Yes
67176,long_email,generic_text,personalized,5,Saturday,CA,288,,67176,Yes,,67176,No,Yes
36455,short_email,product_name,personalized,22,Monday,UK,287,,36455,Yes,,36455,No,Yes
73901,short_email,generic_text,personalized,15,Saturday,IN,168,,73901,Yes,,73901,No,No
13401,long_email,product_name,personalized,6,Friday,UK,127,,13401,Yes,,13401,Yes,Yes
40401,short_email,product_name,generic,14,Tuesday,IN,60,,40401,Yes,,40401,Yes,No
70311,long_email,generic_text,personalized,1,Thursday,US,140,,70311,Yes,,70311,No,Yes
31180,long_email,generic_text,personalized,22,Saturday,CA,29,,31180,No,,31180,No,No
24762,short_email,product_name,generic,19,Saturday,UK,149,,24762,Yes,,24762,No,No
56203,long_email,generic_text,generic,8,Tuesday,UK,53,,56203,Yes,,56203,No,No
34872,short_email,product_name,generic,19,Sunday,IN,183,,34872,Yes,,34872,No,No
82224,short_email,generic_text,personalized,24,Friday,CA,107,,82224,Yes,,82224,Yes,Yes
22087,short_email,generic_text,generic,18,Friday,IN,263,,22087,No,,22087,Yes,No
15168,long_email,product_name,generic,11,Saturday,US,156,,15168,No,,15168,Yes,Yes
77371,short_email,generic_text,generic,22,Thursday,US,182,,77371,No,,77371,Yes,Yes
98039,short_email,generic_text,generic,14,Wednesday,UK,193,,98039,Yes,,98039,Yes,Yes
23650,short_email,product_name,generic,3,Tuesday,US,298,,23650,No,,23650,Yes,No
94685,long_email,generic_text,personalized,19,Monday,IN,187,,94685,No,,94685,No,No
60431,long_email,product_name,personalized,20,Saturday,CA,214,,60431,Yes,,60431,No,No
74282,short_email,product_name,personalized,24,Monday,CA,77,,74282,No,,74282,No,No
70840,long_email,generic_text,generic,17,Tuesday,CA,284,,70840,Yes,,70840,Yes,Yes
80445,long_email,generic_text,generic,20,Wednesday,US,279,,80445,No,,80445,Yes,No
10846,short_email,product_name,personalized,7,Saturday,UK,92,,10846,Yes,,10846,Yes,Yes
18321,long_email,generic_text,generic,2,Sunday,IN,125,,18321,Yes,,18321,No,Yes
47314,short_email,generic_text,personalized,10,Saturday,IN,68,,47314,No,,47314,No,Yes
6585,long_email,product_name,generic,24,Sunday,IN,137,,6585,Yes,,6585,Yes,No
99234,short_email,generic_text,generic,9,Thursday,UK,71,,99234,Yes,,99234,Yes,No
58509,short_email,product_name,personalized,15,Tuesday,US,120,,58509,No,,58509,Yes,No
16671,long_email,product_name,personalized,24,Monday,UK,209,,16671,No,,16671,No,Yes
30404,long_email,product_name,personalized,15,Friday,IN,180,,30404,Yes,,30404,Yes,Yes
51779,short_email,generic_text,generic,15,Thursday,US,129,,51779,Yes,,51779,Yes,Yes
84331,short_email,generic_text,personalized,17,Wednesday,CA,289,,84331,No,,84331,Yes,No
90992,long_email,generic_text,generic,18,Monday,US,241,,90992,Yes,,90992,No,No
35459,long_email,product_name,personalized,8,Thursday,CA,45,,35459,Yes,,35459,No,No
68160,short_email,product_name,personalized,13,Monday,UK,218,,68160,Yes,,68160,Yes,Yes
3824,long_email,generic_text,generic,14,Monday,CA,0,,3824,Yes,,3824,No,No
27769,short_email,generic_text,generic,13,Monday,UK,17,,27769,Yes,,27769,No,Yes
49493,short_email,product_name,generic,1,Tuesday,CA,177,,49493,Yes,,49493,Yes,Yes
85141,long_email,product_name,personalized,8,Wednesday,IN,296,,85141,No,,85141,No,Yes
25706,short_email,product_name,generic,16,Sunday,UK,143,,25706,Yes,,25706,Yes,No
36719,short_email,product_name,personalized,6,Sunday,UK,229,,36719,Yes,,36719,No,No
94451,long_email,generic_text,personalized,21,Tuesday,CA,189,,94451,No,,94451,Yes,Yes
52524,long_email,generic_text,generic,18,Tuesday,UK,132,,52524,Yes,,52524,No,Yes
77286,short_email,generic_text,generic,17,Monday,UK,163,,77286,No,,77286,No,No
31035,long_email,generic_text,personalized,9,Sunday,UK,293,,31035,Yes,,31035,No,No
61192,long_email,generic_text,personalized,23,Monday,IN,298,,61192,Yes,,61192,Yes,No
36249,short_email,product_name,generic,7,Tuesday,IN,86,,36249,Yes,,36249,No,Yes
37204,long_email,generic_text,generic,11,Tuesday,US,299,,37204,No,,37204,Yes,Yes
88515,short_email,generic_text,personalized,16,Friday,US,223,,88515,No,,88515,Yes,No
3951,long_email,product_name,generic,13,Tuesday,CA,132,,3951,No,,3951,Yes,Yes
49898,long_email,generic_text,generic,20,Monday,UK,162,,49898,No,,49898,Yes,No
91624,short_email,product_name,generic,8,Saturday,US,270,,91624,Yes,,91624,Yes,Yes
48500,short_email,product_name,personalized,10,Friday,CA,170,,48500,Yes,,48500,No,No
64435,short_email,generic_text,generic,11,Friday,US,25,,64435,No,,64435,Yes,Yes
9653,short_email,product_name,generic,3,Friday,IN,36,,9653,Yes,,9653,Yes,Yes
28695,long_email,generic_text,generic,10,Monday,UK,158,,28695,Yes,,28695,Yes,No
22380,short_email,generic_text,generic,15,Monday,UK,39,,22380,Yes,,22380,Yes,No
25544,short_email,product_name,personalized,15,Monday,IN,269,,25544,Yes,,25544,No,Yes
10239,short_email,generic_text,generic,20,Thursday,CA,66,,10239,No,,10239,No,Yes
39189,long_email,product_name,personalized,19,Friday,US,152,,39189,No,,39189,No,No
39917,short_email,generic_text,personalized,15,Monday,UK,83,,39917,Yes,,39917,No,No
74970,short_email,generic_text,generic,2,Sunday,IN,151,,74970,Yes,,74970,No,No
32970,long_email,product_name,generic,17,Wednesday,UK,266,,32970,Yes,,32970,No,Yes
60348,short_email,product_name,generic,23,Thursday,UK,68,,60348,No,,60348,Yes,No
16543,long_email,generic_text,personalized,23,Sunday,UK,67,,16543,No,,16543,No,Yes
13244,long_email,product_name,generic,2,Sunday,UK,70,,13244,Yes,,13244,No,No
73543,short_email,product_name,personalized,2,Thursday,US,262,,73543,Yes,,73543,No,No
33310,short_email,generic_text,personalized,16,Tuesday,UK,155,,33310,No,,33310,Yes,No
41654,short_email,generic_text,personalized,10,Wednesday,CA,13,,41654,Yes,,41654,Yes,Yes
66716,short_email,product_name,personalized,11,Wednesday,UK,116,,66716,No,,66716,No,Yes
97000,long_email,product_name,personalized,12,Wednesday,UK,225,,97000,No,,97000,No,No
86462,short_email,generic_text,generic,24,Sunday,US,162,,86462,No,,86462,Yes,No
98995,long_email,generic_text,personalized,8,Saturday,US,115,,98995,Yes,,98995,Yes,No
46214,short_email,generic_text,generic,4,Friday,CA,235,,46214,Yes,,46214,No,Yes
17372,short_email,product_name,generic,18,Tuesday,CA,72,,17372,No,,17372,Yes,No
52124,long_email,generic_text,personalized,10,Tuesday,IN,289,,52124,No,,52124,Yes,Yes
9279,long_email,generic_text,generic,6,Wednesday,CA,133,,9279,No,,9279,Yes,Yes
11883,short_email,product_name,generic,9,Wednesday,CA,161,,11883,Yes,,11883,Yes,No
97086,long_email,product_name,generic,24,Tuesday,IN,247,,97086,Yes,,97086,Yes,Yes
94350,short_email,generic_text,generic,11,Friday,UK,108,,94350,No,,94350,No,No
88844,short_email,generic_text,generic,14,Friday,CA,57,,88844,Yes,,88844,Yes,No
73820,short_email,generic_text,generic,12,Friday,US,32,,73820,No,,73820,No,Yes
87105,short_email,generic_text,personalized,7,Saturday,UK,173,,87105,No,,87105,Yes,Yes
77462,short_email,generic_text,generic,13,Wednesday,IN,268,,77462,Yes,,77462,No,No
55224,long_email,product_name,personalized,20,Monday,CA,255,,55224,No,,55224,Yes,No
19867,long_email,generic_text,generic,14,Thursday,IN,172,,19867,No,,19867,Yes,No
70773,short_email,product_name,personalized,5,Sunday,IN,88,,70773,No,,70773,Yes,Yes
45701,long_email,product_name,generic,16,Thursday,CA,59,,45701,No,,45701,No,Yes
31499,long_email,generic_text,personalized,22,Monday,CA,182,,31499,No,,31499,No,No
54527,long_email,product_name,personalized,21,Friday,CA,50,,54527,No,,54527,No,Yes
48406,long_email,generic_text,generic,19,Monday,US,243,,48406,Yes,,48406,No,Yes
36209,long_email,generic_text,personalized,3,Tuesday,CA,167,,36209,No,,36209,No,Yes
93838,short_email,product_name,generic,16,Thursday,US,179,,93838,No,,93838,Yes,Yes
81074,short_email,generic_text,personalized,20,Saturday,UK,25,,81074,No,,81074,No,No